Symbol,BetaEndDate,Instance,Beta,UpsideBeta,DownsideBeta
AAPL-US,12/31/2020,AAPL-US_12/31/2020,1.123143072,1.156619679,1.086982686
MSFT-US,12/31/2020,MSFT-US_12/31/2020,1.120303571,1.165006306,1.080160222
AMZN-US,12/31/2020,AMZN-US_12/31/2020,0.682234235,0.683876691,0.643135666
FB-US,12/31/2020,FB-US_12/31/2020,0.992710106,0.944473901,1.021626461
GOOGL-US,12/31/2020,GOOGL-US_12/31/2020,0.954553027,0.90753492,0.964867947
GOOG-US,12/31/2020,GOOG-US_12/31/2020,0.946522986,0.901815848,0.953447983
BRK.B-US,12/31/2020,BRK.B-US_12/31/2020,0.899364628,0.918643298,0.896879899
JNJ-US,12/31/2020,JNJ-US_12/31/2020,0.677432615,0.817456635,0.599106436
PG-US,12/31/2020,PG-US_12/31/2020,0.707275088,0.869344595,0.625867635
V-US,12/31/2020,V-US_12/31/2020,1.124505608,1.171870708,1.068329547
NVDA-US,12/31/2020,NVDA-US_12/31/2020,1.328141192,1.320712722,1.327434832
HD-US,12/31/2020,HD-US_12/31/2020,1.090298132,1.081352591,1.154367005
MA-US,12/31/2020,MA-US_12/31/2020,1.232420667,1.266808451,1.161068786
UNH-US,12/31/2020,UNH-US_12/31/2020,1.129958101,1.179898006,1.126121072
JPM-US,12/31/2020,JPM-US_12/31/2020,1.281381242,1.319852869,1.247802082
VZ-US,12/31/2020,VZ-US_12/31/2020,0.525057506,0.576719619,0.498574568
ADBE-US,12/31/2020,ADBE-US_12/31/2020,1.089737958,1.081946952,1.095176863
PYPL-US,12/31/2020,PYPL-US_12/31/2020,1.152254764,1.286492764,1.075975266
CRM-US,12/31/2020,CRM-US_12/31/2020,1.050389521,0.977010656,1.074980109
DIS-US,12/31/2020,DIS-US_12/31/2020,1.046320234,1.035712996,1.035786536
NFLX-US,12/31/2020,NFLX-US_12/31/2020,0.652110769,0.575829619,0.71257636
INTC-US,12/31/2020,INTC-US_12/31/2020,1.157623329,1.255912176,1.138218571
CMCSA-US,12/31/2020,CMCSA-US_12/31/2020,0.898902796,0.928511954,0.857789525
MRK-US,12/31/2020,MRK-US_12/31/2020,0.687762615,0.715577919,0.680415069
PFE-US,12/31/2020,PFE-US_12/31/2020,0.682283736,0.73950194,0.666105566
T-US,12/31/2020,T-US_12/31/2020,0.823387511,0.874373612,0.81370544
WMT-US,12/31/2020,WMT-US_12/31/2020,0.512333866,0.631240603,0.448219987
ABT-US,12/31/2020,ABT-US_12/31/2020,0.852215696,0.982822481,0.744192161
PEP-US,12/31/2020,PEP-US_12/31/2020,0.888937786,0.962047728,0.886961781
KO-US,12/31/2020,KO-US_12/31/2020,0.796298294,0.725320709,0.831511684
BAC-US,12/31/2020,BAC-US_12/31/2020,1.400132637,1.459095302,1.354712358
TMO-US,12/31/2020,TMO-US_12/31/2020,0.7315713,0.906290092,0.592426741
CSCO-US,12/31/2020,CSCO-US_12/31/2020,0.982801318,1.101201976,0.87667679
MCD-US,12/31/2020,MCD-US_12/31/2020,0.937302542,0.942647233,0.981469976
COST-US,12/31/2020,COST-US_12/31/2020,0.596376558,0.671434198,0.553024239
NKE-US,12/31/2020,NKE-US_12/31/2020,0.939267685,0.921415157,0.950903251
ABBV-US,12/31/2020,ABBV-US_12/31/2020,0.707282626,0.684155548,0.769170093
AMGN-US,12/31/2020,AMGN-US_12/31/2020,0.800068915,0.906882996,0.728709149
AVGO-US,12/31/2020,AVGO-US_12/31/2020,1.243539383,1.120073566,1.332162545
XOM-US,12/31/2020,XOM-US_12/31/2020,1.095693585,0.92893342,1.152450207
ACN-US,12/31/2020,ACN-US_12/31/2020,1.049888601,1.143580722,0.951910878
MDT-US,12/31/2020,MDT-US_12/31/2020,0.959289581,0.895371251,0.987886483
DHR-US,12/31/2020,DHR-US_12/31/2020,0.757015244,0.822526863,0.730804755
NEE-US,12/31/2020,NEE-US_12/31/2020,0.921877123,1.012972159,0.883215199
BMY-US,12/31/2020,BMY-US_12/31/2020,0.612412572,0.611708466,0.61422403
CVX-US,12/31/2020,CVX-US_12/31/2020,1.3541488,1.386146082,1.327330789
UNP-US,12/31/2020,UNP-US_12/31/2020,1.013119046,1.013788738,1.0215827
QCOM-US,12/31/2020,QCOM-US_12/31/2020,1.154027712,1.162112389,1.137263514
TXN-US,12/31/2020,TXN-US_12/31/2020,1.08822322,1.15106736,0.995792712
LOW-US,12/31/2020,LOW-US_12/31/2020,1.181962829,1.05009294,1.337989708
LIN-US,12/31/2020,LIN-US_12/31/2020,0.986791441,1.036687309,0.945923726
UPS-US,12/31/2020,UPS-US_12/31/2020,0.788154543,0.898725891,0.704391095
LLY-US,12/31/2020,LLY-US_12/31/2020,0.733790306,0.902968978,0.618192005
PM-US,12/31/2020,PM-US_12/31/2020,0.897077972,0.845288696,0.975208736
HON-US,12/31/2020,HON-US_12/31/2020,1.079439628,1.048845307,1.072825293
ORCL-US,12/31/2020,ORCL-US_12/31/2020,0.928769518,1.155556443,0.798141061
IBM-US,12/31/2020,IBM-US_12/31/2020,0.985493639,1.012805536,0.967587041
AMT-US,12/31/2020,AMT-US_12/31/2020,0.988059435,1.072072714,0.926154355
SBUX-US,12/31/2020,SBUX-US_12/31/2020,1.123976365,1.129976706,1.114463089
WFC-US,12/31/2020,WFC-US_12/31/2020,1.363745203,1.351968658,1.362637321
AMD-US,12/31/2020,AMD-US_12/31/2020,1.155480072,1.170048904,1.156258799
LMT-US,12/31/2020,LMT-US_12/31/2020,0.870629672,0.867035778,0.898391148
CHTR-US,12/31/2020,CHTR-US_12/31/2020,0.7344189,0.773817609,0.763488757
NOW-US,12/31/2020,NOW-US_12/31/2020,1.027767288,1.092701857,0.961563096
MMM-US,12/31/2020,MMM-US_12/31/2020,0.817356849,0.869645339,0.776833507
FIS-US,12/31/2020,FIS-US_12/31/2020,1.133748951,1.130023965,1.140736222
C-US,12/31/2020,C-US_12/31/2020,1.566421946,1.478047023,1.638959135
RTX-US,12/31/2020,RTX-US_12/31/2020,1.208541593,1.1807349,1.200604901
BA-US,12/31/2020,BA-US_12/31/2020,1.713754769,1.513388711,1.938245634
SPGI-US,12/31/2020,SPGI-US_12/31/2020,1.117228321,1.165947434,1.079194057
INTU-US,12/31/2020,INTU-US_12/31/2020,1.191728092,1.324986686,1.068995025
ISRG-US,12/31/2020,ISRG-US_12/31/2020,1.124730143,1.109984935,1.115741875
MDLZ-US,12/31/2020,MDLZ-US_12/31/2020,0.83293652,0.869722371,0.83269656
CAT-US,12/31/2020,CAT-US_12/31/2020,0.986144123,0.998086274,0.942717396
BLK-US,12/31/2020,BLK-US_12/31/2020,1.173277728,1.17983708,1.145114729
GILD-US,12/31/2020,GILD-US_12/31/2020,0.491669097,0.526697111,0.456272115
TGT-US,12/31/2020,TGT-US_12/31/2020,0.670099444,0.809452503,0.62952574
ZTS-US,12/31/2020,ZTS-US_12/31/2020,0.923590699,0.958398196,0.924865275
CVS-US,12/31/2020,CVS-US_12/31/2020,0.815493234,0.805240841,0.851517363
PLD-US,12/31/2020,PLD-US_12/31/2020,1.096195727,1.195623337,1.036805057
MO-US,12/31/2020,MO-US_12/31/2020,0.704294047,0.683072856,0.744785792
VRTX-US,12/31/2020,VRTX-US_12/31/2020,0.821828859,0.911845926,0.748806772
CCI-US,12/31/2020,CCI-US_12/31/2020,0.939706233,0.995540387,0.929560019
BKNG-US,12/31/2020,BKNG-US_12/31/2020,1.099248752,1.061940524,1.050864934
DE-US,12/31/2020,DE-US_12/31/2020,1.05913534,1.075603098,1.068851696
GS-US,12/31/2020,GS-US_12/31/2020,1.270069834,1.279840963,1.257588541
SYK-US,12/31/2020,SYK-US_12/31/2020,1.124626077,1.080356065,1.126482808
BDX-US,12/31/2020,BDX-US_12/31/2020,0.566699362,0.676565899,0.517697492
ANTM-US,12/31/2020,ANTM-US_12/31/2020,1.198191129,1.248466923,1.186249283
EQIX-US,12/31/2020,EQIX-US_12/31/2020,0.881720318,1.048078868,0.793224245
TJX-US,12/31/2020,TJX-US_12/31/2020,1.111571616,1.037393569,1.177964904
TMUS-US,12/31/2020,TMUS-US_12/31/2020,0.840652887,0.76035453,0.87474279
D-US,12/31/2020,D-US_12/31/2020,0.934884047,1.123527845,0.86913476
CL-US,12/31/2020,CL-US_12/31/2020,0.674111263,0.756954915,0.657255928
APD-US,12/31/2020,APD-US_12/31/2020,1.033871242,1.11436624,1.005659532
AXP-US,12/31/2020,AXP-US_12/31/2020,1.467536501,1.581890778,1.351621361
DUK-US,12/31/2020,DUK-US_12/31/2020,0.922265249,1.029819479,0.884474145
ATVI-US,12/31/2020,ATVI-US_12/31/2020,0.611299584,0.572356737,0.657996362
CI-US,12/31/2020,CI-US_12/31/2020,1.214904455,1.218024507,1.22867685
FDX-US,12/31/2020,FDX-US_12/31/2020,1.083678705,0.963267471,1.16558075
CME-US,12/31/2020,CME-US_12/31/2020,1.009473361,0.896920976,1.153586088
ADP-US,12/31/2020,ADP-US_12/31/2020,1.118153843,1.130496778,1.109597276
CSX-US,12/31/2020,CSX-US_12/31/2020,1.153987286,1.155405416,1.159034543
REGN-US,12/31/2020,REGN-US_12/31/2020,0.546779597,0.597222751,0.505591485
MMC-US,12/31/2020,MMC-US_12/31/2020,0.852260868,0.894022102,0.845594317
MS-US,12/31/2020,MS-US_12/31/2020,1.430883003,1.535304007,1.343574451
FISV-US,12/31/2020,FISV-US_12/31/2020,1.156903861,1.155952093,1.144121585
SO-US,12/31/2020,SO-US_12/31/2020,0.994437167,1.14872336,0.935439304
SHW-US,12/31/2020,SHW-US_12/31/2020,0.964277108,0.94507493,1.014735701
ICE-US,12/31/2020,ICE-US_12/31/2020,0.871324591,0.871804146,0.892150831
ITW-US,12/31/2020,ITW-US_12/31/2020,1.040362128,1.194098492,0.909287529
PGR-US,12/31/2020,PGR-US_12/31/2020,0.731948089,0.835307547,0.670312062
HUM-US,12/31/2020,HUM-US_12/31/2020,1.08828607,1.087734298,1.119756794
NSC-US,12/31/2020,NSC-US_12/31/2020,1.18056369,1.229819527,1.154301262
BSX-US,12/31/2020,BSX-US_12/31/2020,1.015309249,0.861193509,1.08596649
GE-US,12/31/2020,GE-US_12/31/2020,1.24122311,1.179681101,1.31336343
AMAT-US,12/31/2020,AMAT-US_12/31/2020,1.439017186,1.456683,1.463292268
GPN-US,12/31/2020,GPN-US_12/31/2020,1.375658809,1.472302278,1.311303704
CB-US,12/31/2020,CB-US_12/31/2020,1.032193006,0.958470542,1.126661777
DG-US,12/31/2020,DG-US_12/31/2020,0.49497209,0.55352289,0.489882003
MU-US,12/31/2020,MU-US_12/31/2020,1.292207364,1.321219564,1.291241313
TFC-US,12/31/2020,TFC-US_12/31/2020,1.459296878,1.470252905,1.413758836
NEM-US,12/31/2020,NEM-US_12/31/2020,0.419891835,0.455451119,0.363332971
ADSK-US,12/31/2020,ADSK-US_12/31/2020,1.136859063,1.135776829,1.123455666
KMB-US,12/31/2020,KMB-US_12/31/2020,0.580619709,0.7386944,0.49764432
EW-US,12/31/2020,EW-US_12/31/2020,0.935730668,0.932220811,0.905524279
ECL-US,12/31/2020,ECL-US_12/31/2020,1.126043071,1.269246832,1.011836822
EL-US,12/31/2020,EL-US_12/31/2020,0.943749728,0.874846904,0.984259648
USB-US,12/31/2020,USB-US_12/31/2020,1.292008911,1.32818432,1.252717054
NOC-US,12/31/2020,NOC-US_12/31/2020,0.788893869,0.918885745,0.746514085
LRCX-US,12/31/2020,LRCX-US_12/31/2020,1.498971557,1.614596657,1.426255922
AON-US,12/31/2020,AON-US_12/31/2020,0.785157598,0.830183473,0.77804218
MCO-US,12/31/2020,MCO-US_12/31/2020,1.247436924,1.362080988,1.177535595
PNC-US,12/31/2020,PNC-US_12/31/2020,1.35071598,1.400945552,1.300266447
ILMN-US,12/31/2020,ILMN-US_12/31/2020,0.862735159,0.833401407,0.86947588
BIIB-US,12/31/2020,BIIB-US_12/31/2020,0.874322377,0.963964488,0.810892261
WM-US,12/31/2020,WM-US_12/31/2020,0.804209286,0.827941786,0.782237946
ADI-US,12/31/2020,ADI-US_12/31/2020,1.200510544,1.184348975,1.195124199
SCHW-US,12/31/2020,SCHW-US_12/31/2020,1.093989316,1.167385237,1.024655785
ROP-US,12/31/2020,ROP-US_12/31/2020,0.972677956,0.974890157,0.994851587
DD-US,12/31/2020,DD-US_12/31/2020,1.164831375,1.271364795,1.07817068
ETN-US,12/31/2020,ETN-US_12/31/2020,1.240933614,1.363983536,1.155827672
BAX-US,12/31/2020,BAX-US_12/31/2020,0.737327585,0.811218705,0.712042742
AEP-US,12/31/2020,AEP-US_12/31/2020,0.726287856,0.80955119,0.681658498
DXCM-US,12/31/2020,DXCM-US_12/31/2020,0.826012376,0.675407086,0.858603694
DLR-US,12/31/2020,DLR-US_12/31/2020,0.83628472,1.038171976,0.726375423
EMR-US,12/31/2020,EMR-US_12/31/2020,1.182956659,1.111997578,1.200076415
CTSH-US,12/31/2020,CTSH-US_12/31/2020,1.160964982,1.203784429,1.149048972
GIS-US,12/31/2020,GIS-US_12/31/2020,0.433358897,0.561786377,0.339110348
EA-US,12/31/2020,EA-US_12/31/2020,0.586493224,0.536024334,0.637566637
GM-US,12/31/2020,GM-US_12/31/2020,1.250668715,1.176701353,1.295839897
LHX-US,12/31/2020,LHX-US_12/31/2020,0.904145295,0.920456354,0.948498703
XEL-US,12/31/2020,XEL-US_12/31/2020,0.851272151,0.93439739,0.815943622
SBAC-US,12/31/2020,SBAC-US_12/31/2020,0.857589848,1.038272407,0.728882629
TWTR-US,12/31/2020,TWTR-US_12/31/2020,1.134668786,0.946016227,1.254622072
COP-US,12/31/2020,COP-US_12/31/2020,1.461903207,1.271912832,1.592043826
EXC-US,12/31/2020,EXC-US_12/31/2020,1.19338689,1.262417094,1.163099494
CMG-US,12/31/2020,CMG-US_12/31/2020,0.852348489,0.772617211,0.890871007
EBAY-US,12/31/2020,EBAY-US_12/31/2020,0.609644682,0.634016976,0.557448183
DOW-US,12/31/2020,DOW-US_12/31/2020,1.328421884,1.116563878,1.481427927
SRE-US,12/31/2020,SRE-US_12/31/2020,1.016034903,0.912761999,1.132090201
ORLY-US,12/31/2020,ORLY-US_12/31/2020,0.936477383,0.985605875,0.963956247
CNC-US,12/31/2020,CNC-US_12/31/2020,1.099195013,1.198752449,1.023039335
PSA-US,12/31/2020,PSA-US_12/31/2020,0.688030943,0.661791287,0.756963446
IDXX-US,12/31/2020,IDXX-US_12/31/2020,0.827343141,0.840996465,0.806514611
ROST-US,12/31/2020,ROST-US_12/31/2020,1.141017688,0.990172973,1.244453075
COF-US,12/31/2020,COF-US_12/31/2020,1.599928681,1.529561236,1.645873063
HCA-US,12/31/2020,HCA-US_12/31/2020,1.165873814,0.908675476,1.325357174
SNPS-US,12/31/2020,SNPS-US_12/31/2020,1.000625782,1.028586937,0.974236342
APH-US,12/31/2020,APH-US_12/31/2020,1.030529158,0.994620692,1.058669531
TEL-US,12/31/2020,TEL-US_12/31/2020,1.116956882,1.073295646,1.117621821
GD-US,12/31/2020,GD-US_12/31/2020,0.915654946,0.860297444,0.945331951
STZ-US,12/31/2020,STZ-US_12/31/2020,0.941746952,0.930921043,0.946579046
SYY-US,12/31/2020,SYY-US_12/31/2020,1.33990418,1.031084818,1.529763571
CMI-US,12/31/2020,CMI-US_12/31/2020,0.922461484,1.104923542,0.782572593
A-US,12/31/2020,A-US_12/31/2020,0.878801235,0.920141772,0.836949171
WEC-US,12/31/2020,WEC-US_12/31/2020,0.790099338,1.027038397,0.627043344
JCI-US,12/31/2020,JCI-US_12/31/2020,0.926454057,0.814611996,0.977697462
VRSK-US,12/31/2020,VRSK-US_12/31/2020,0.94524207,1.010522515,0.905986099
IQV-US,12/31/2020,IQV-US_12/31/2020,1.208132697,1.215993006,1.179499872
KLAC-US,12/31/2020,KLAC-US_12/31/2020,1.439798819,1.721833434,1.231075992
MSCI-US,12/31/2020,MSCI-US_12/31/2020,1.147371432,1.347055809,0.995098354
MNST-US,12/31/2020,MNST-US_12/31/2020,0.884054369,0.934375996,0.835120439
CDNS-US,12/31/2020,CDNS-US_12/31/2020,1.089167356,1.215154165,0.993056866
PCAR-US,12/31/2020,PCAR-US_12/31/2020,0.844417256,0.93006146,0.759240016
ALL-US,12/31/2020,ALL-US_12/31/2020,1.017552393,1.023131016,1.020031463
INFO-US,12/31/2020,INFO-US_12/31/2020,1.011905561,1.189256208,0.912915588
TT-US,12/31/2020,TT-US_12/31/2020,0.930496989,0.871018282,0.950655982
TROW-US,12/31/2020,TROW-US_12/31/2020,1.164519542,1.222749414,1.124773393
CTAS-US,12/31/2020,CTAS-US_12/31/2020,1.206065959,1.031166791,1.2892371
MET-US,12/31/2020,MET-US_12/31/2020,1.446101474,1.463982038,1.447251743
PPG-US,12/31/2020,PPG-US_12/31/2020,0.953834495,0.877813823,0.977907931
ES-US,12/31/2020,ES-US_12/31/2020,0.911414895,1.160610373,0.77418042
ZBH-US,12/31/2020,ZBH-US_12/31/2020,0.953161284,0.787238244,1.01893697
BK-US,12/31/2020,BK-US_12/31/2020,1.100142761,1.09019797,1.121616474
ANSS-US,12/31/2020,ANSS-US_12/31/2020,1.109951246,1.205972655,1.03982201
PEG-US,12/31/2020,PEG-US_12/31/2020,0.872626098,0.842368183,0.898494854
YUM-US,12/31/2020,YUM-US_12/31/2020,0.905725962,0.938400057,0.864902185
AZO-US,12/31/2020,AZO-US_12/31/2020,0.854455488,0.855342931,0.931154364
TRV-US,12/31/2020,TRV-US_12/31/2020,1.05755781,0.9457484,1.162254467
BLL-US,12/31/2020,BLL-US_12/31/2020,0.8086526,0.885001996,0.770275159
WLTW-US,12/31/2020,WLTW-US_12/31/2020,0.872146117,0.984473359,0.833582509
MSI-US,12/31/2020,MSI-US_12/31/2020,0.959025338,0.94565997,0.947103446
CLX-US,12/31/2020,CLX-US_12/31/2020,0.287499319,0.474923192,0.161928154
KR-US,12/31/2020,KR-US_12/31/2020,0.236640533,0.359376373,0.151792901
AWK-US,12/31/2020,AWK-US_12/31/2020,0.871415654,1.05146756,0.745610677
HPQ-US,12/31/2020,HPQ-US_12/31/2020,1.136128527,0.951453514,1.196142232
F-US,12/31/2020,F-US_12/31/2020,1.102310274,1.080881232,1.117571005
ED-US,12/31/2020,ED-US_12/31/2020,0.700506214,0.914420116,0.546647286
PH-US,12/31/2020,PH-US_12/31/2020,1.437086719,1.40654739,1.434610016
MCHP-US,12/31/2020,MCHP-US_12/31/2020,1.441582292,1.453778676,1.450062232
SWK-US,12/31/2020,SWK-US_12/31/2020,1.463234845,1.440916781,1.469942687
FAST-US,12/31/2020,FAST-US_12/31/2020,0.91188294,1.047543934,0.791529381
WBA-US,12/31/2020,WBA-US_12/31/2020,0.820179276,0.972794187,0.707794733
ADM-US,12/31/2020,ADM-US_12/31/2020,0.952339212,1.004497118,0.90509004
TDG-US,12/31/2020,TDG-US_12/31/2020,1.304864558,0.95376244,1.534292178
BBY-US,12/31/2020,BBY-US_12/31/2020,1.136627836,1.236424869,1.085871618
XLNX-US,12/31/2020,XLNX-US_12/31/2020,0.983771506,1.070555233,0.862508161
FTV-US,12/31/2020,FTV-US_12/31/2020,1.025049054,1.062129972,0.992071267
ROK-US,12/31/2020,ROK-US_12/31/2020,1.104703729,1.151074234,1.063210318
PAYX-US,12/31/2020,PAYX-US_12/31/2020,1.197476059,1.303899136,1.1464827
OTIS-US,12/31/2020,OTIS-US_12/31/2020,0.689225638,0.310231306,0.246210091
PRU-US,12/31/2020,PRU-US_12/31/2020,1.587492984,1.541308931,1.627510304
ALXN-US,12/31/2020,ALXN-US_12/31/2020,0.709974316,0.746935456,0.702333538
DHI-US,12/31/2020,DHI-US_12/31/2020,1.14098415,0.956056311,1.322482387
APTV-US,12/31/2020,APTV-US_12/31/2020,1.402528749,1.179706898,1.564268898
GLW-US,12/31/2020,GLW-US_12/31/2020,1.286682004,1.370991726,1.231512508
RMD-US,12/31/2020,RMD-US_12/31/2020,0.971052996,1.161231502,0.874105685
CARR-US,12/31/2020,CARR-US_12/31/2020,0.725392038,0.351080914,0.233515642
MAR-US,12/31/2020,MAR-US_12/31/2020,1.072243873,0.868201785,1.06315009
SWKS-US,12/31/2020,SWKS-US_12/31/2020,1.341762091,1.355099825,1.30076031
AFL-US,12/31/2020,AFL-US_12/31/2020,1.227462759,1.048858196,1.335850354
MKC-US,12/31/2020,MKC-US_12/31/2020,0.740901308,0.836239422,0.697723632
MCK-US,12/31/2020,MCK-US_12/31/2020,0.973915449,1.116293025,0.84838846
KMI-US,12/31/2020,KMI-US_12/31/2020,1.118076606,0.880908829,1.281661924
AIG-US,12/31/2020,AIG-US_12/31/2020,1.509355661,1.19106931,1.735212465
WMB-US,12/31/2020,WMB-US_12/31/2020,1.205527545,1.005537674,1.382130972
HLT-US,12/31/2020,HLT-US_12/31/2020,0.892562273,0.717823193,0.923224226
ALGN-US,12/31/2020,ALGN-US_12/31/2020,1.409330862,1.444947703,1.287813802
CHD-US,12/31/2020,CHD-US_12/31/2020,0.523905435,0.558898037,0.528609758
MTD-US,12/31/2020,MTD-US_12/31/2020,0.867671114,0.988970514,0.760765392
WELL-US,12/31/2020,WELL-US_12/31/2020,1.390262149,1.014730382,1.652793022
AME-US,12/31/2020,AME-US_12/31/2020,1.180594251,1.163416203,1.235684664
FCX-US,12/31/2020,FCX-US_12/31/2020,1.578498433,1.473288031,1.634790344
PSX-US,12/31/2020,PSX-US_12/31/2020,1.350108995,1.194464196,1.385002042
VFC-US,12/31/2020,VFC-US_12/31/2020,1.23807522,1.302683477,1.13430286
LEN-US,12/31/2020,LEN-US_12/31/2020,1.264330984,1.142408081,1.379834773
DTE-US,12/31/2020,DTE-US_12/31/2020,1.09504016,1.023995712,1.179509886
LUV-US,12/31/2020,LUV-US_12/31/2020,1.092838422,1.002794128,1.125733368
CERN-US,12/31/2020,CERN-US_12/31/2020,0.646990552,0.56233256,0.666230975
CPRT-US,12/31/2020,CPRT-US_12/31/2020,0.98562121,1.008722816,0.980682224
CTVA-US,12/31/2020,CTVA-US_12/31/2020,1.039603482,0.955817105,1.136896956
SLB-US,12/31/2020,SLB-US_12/31/2020,1.490060972,1.236699832,1.650189692
DLTR-US,12/31/2020,DLTR-US_12/31/2020,0.748881853,0.782520632,0.75415787
HSY-US,12/31/2020,HSY-US_12/31/2020,0.788835048,0.75775368,0.850983698
WY-US,12/31/2020,WY-US_12/31/2020,1.688800227,1.737131505,1.701802089
O-US,12/31/2020,O-US_12/31/2020,1.191909365,1.01291618,1.375538203
EOG-US,12/31/2020,EOG-US_12/31/2020,1.310637475,0.975672198,1.483590087
STT-US,12/31/2020,STT-US_12/31/2020,1.339321902,1.311933002,1.351983535
PPL-US,12/31/2020,PPL-US_12/31/2020,1.042088693,1.067481885,1.042627659
AVB-US,12/31/2020,AVB-US_12/31/2020,1.051410473,1.0103868,1.096172143
VRSN-US,12/31/2020,VRSN-US_12/31/2020,0.961465305,1.07545536,0.921683122
AJG-US,12/31/2020,AJG-US_12/31/2020,0.928706634,0.970619857,0.928274068
WST-US,12/31/2020,WST-US_12/31/2020,0.692786715,0.768335819,0.660880965
FLT-US,12/31/2020,FLT-US_12/31/2020,1.151235504,1.153512573,1.13321009
SPG-US,12/31/2020,SPG-US_12/31/2020,1.521042503,0.952044246,1.932007517
ETR-US,12/31/2020,ETR-US_12/31/2020,1.055751058,1.042945564,1.091475577
RSG-US,12/31/2020,RSG-US_12/31/2020,0.846421926,0.817477057,0.893014402
DAL-US,12/31/2020,DAL-US_12/31/2020,1.317980177,1.109301236,1.414485424
AEE-US,12/31/2020,AEE-US_12/31/2020,0.913894534,0.984494108,0.89191053
KHC-US,12/31/2020,KHC-US_12/31/2020,0.95446898,1.165428728,0.855424562
EIX-US,12/31/2020,EIX-US_12/31/2020,0.98251319,0.937375822,1.062646821
MPC-US,12/31/2020,MPC-US_12/31/2020,1.635090928,1.281727386,1.858338829
EFX-US,12/31/2020,EFX-US_12/31/2020,0.86749405,0.886335163,0.855376019
FRC-US,12/31/2020,FRC-US_12/31/2020,1.038916325,1.09352864,0.981575342
ARE-US,12/31/2020,ARE-US_12/31/2020,0.998855462,1.060467696,1.003318282
TTWO-US,12/31/2020,TTWO-US_12/31/2020,0.611444017,0.627237711,0.595554332
KEYS-US,12/31/2020,KEYS-US_12/31/2020,0.938889478,1.03613211,0.899784107
AMP-US,12/31/2020,AMP-US_12/31/2020,1.777397761,1.907004641,1.703968472
LH-US,12/31/2020,LH-US_12/31/2020,1.122211095,1.114383988,1.211948365
MKTX-US,12/31/2020,MKTX-US_12/31/2020,0.81137756,1.027123375,0.695534576
LYB-US,12/31/2020,LYB-US_12/31/2020,1.4847426,1.169986609,1.720007938
MXIM-US,12/31/2020,MXIM-US_12/31/2020,1.040326763,1.047189846,1.024637111
AKAM-US,12/31/2020,AKAM-US_12/31/2020,0.606422265,0.675806731,0.530851673
VMC-US,12/31/2020,VMC-US_12/31/2020,0.892360889,0.637042021,1.015677169
VLO-US,12/31/2020,VLO-US_12/31/2020,1.50967731,1.285762067,1.580399109
EQR-US,12/31/2020,EQR-US_12/31/2020,1.021587787,0.930176032,1.057611299
DFS-US,12/31/2020,DFS-US_12/31/2020,1.83906632,1.767488947,1.897225774
TSN-US,12/31/2020,TSN-US_12/31/2020,0.782284751,0.466415395,1.036509536
CMS-US,12/31/2020,CMS-US_12/31/2020,0.791471434,0.895974743,0.735948467
ODFL-US,12/31/2020,ODFL-US_12/31/2020,0.851210382,0.933182688,0.795769126
CAG-US,12/31/2020,CAG-US_12/31/2020,0.407433283,0.532208165,0.254275309
CDW-US,12/31/2020,CDW-US_12/31/2020,1.194500915,1.184819532,1.1979192
HOLX-US,12/31/2020,HOLX-US_12/31/2020,0.887652104,0.720837221,1.093503732
AMCR-US,12/31/2020,AMCR-US_12/31/2020,0.992552794,0.880010808,1.050454142
CTXS-US,12/31/2020,CTXS-US_12/31/2020,0.555633908,0.689258249,0.398035041
KSU-US,12/31/2020,KSU-US_12/31/2020,1.109494549,1.195081952,1.109386628
TSCO-US,12/31/2020,TSCO-US_12/31/2020,0.65888711,0.632962522,0.702673734
DPZ-US,12/31/2020,DPZ-US_12/31/2020,0.398410078,0.381607624,0.481782401
INCY-US,12/31/2020,INCY-US_12/31/2020,0.653808777,0.754322543,0.551143384
K-US,12/31/2020,K-US_12/31/2020,0.464879948,0.611585235,0.392132353
COO-US,12/31/2020,COO-US_12/31/2020,0.872682343,0.7143419,0.993077177
NTRS-US,12/31/2020,NTRS-US_12/31/2020,1.209074197,1.246751123,1.200635602
GWW-US,12/31/2020,GWW-US_12/31/2020,1.010325205,1.088011598,0.985063107
VAR-US,12/31/2020,VAR-US_12/31/2020,0.984968258,1.06959352,0.936616599
IP-US,12/31/2020,IP-US_12/31/2020,1.158077527,1.252014986,1.094619504
FTNT-US,12/31/2020,FTNT-US_12/31/2020,1.002304002,0.999815819,1.009154042
VIAC-US,12/31/2020,VIAC-US_12/31/2020,1.242532073,1.166606039,1.307954795
TFX-US,12/31/2020,TFX-US_12/31/2020,0.961311803,0.919503766,0.959672402
CBRE-US,12/31/2020,CBRE-US_12/31/2020,1.304179167,1.176564823,1.338152754
DOV-US,12/31/2020,DOV-US_12/31/2020,1.156726136,1.134925704,1.17945253
VTR-US,12/31/2020,VTR-US_12/31/2020,1.554084612,1.174277818,1.864526508
DGX-US,12/31/2020,DGX-US_12/31/2020,0.747595106,0.782898974,0.764596715
BR-US,12/31/2020,BR-US_12/31/2020,0.806974967,0.97068042,0.647003232
FE-US,12/31/2020,FE-US_12/31/2020,1.010646886,1.102270448,1.053396101
PAYC-US,12/31/2020,PAYC-US_12/31/2020,1.424895941,1.486997683,1.387958742
LVS-US,12/31/2020,LVS-US_12/31/2020,1.073307354,0.86269678,1.184593535
EXPD-US,12/31/2020,EXPD-US_12/31/2020,0.705606301,0.735883234,0.720484664
KMX-US,12/31/2020,KMX-US_12/31/2020,1.11957488,0.935937645,1.242252408
XYL-US,12/31/2020,XYL-US_12/31/2020,1.076498968,1.161837655,1.02520365
FITB-US,12/31/2020,FITB-US_12/31/2020,1.625081891,1.561028203,1.650630503
STE-US,12/31/2020,STE-US_12/31/2020,0.877166931,0.920797624,0.87517948
QRVO-US,12/31/2020,QRVO-US_12/31/2020,1.298970465,1.355968802,1.226853558
MLM-US,12/31/2020,MLM-US_12/31/2020,1.079249375,0.921996836,1.156978417
ETSY-US,12/31/2020,ETSY-US_12/31/2020,0.992375462,1.093695345,1.00036705
PEAK-US,12/31/2020,PEAK-US_12/31/2020,1.271003711,1.21231638,1.327946452
SYF-US,12/31/2020,SYF-US_12/31/2020,1.64457393,1.504468617,1.743282506
MAS-US,12/31/2020,MAS-US_12/31/2020,0.943524268,1.025584304,0.909599209
ABC-US,12/31/2020,ABC-US_12/31/2020,0.907879653,1.087873633,0.784856473
GRMN-US,12/31/2020,GRMN-US_12/31/2020,0.895011124,0.91982829,0.864515887
TYL-US,12/31/2020,TYL-US_12/31/2020,0.654561586,0.672967791,0.627415406
CTLT-US,12/31/2020,CTLT-US_12/31/2020,1.098077046,1.137643931,1.146025134
NVR-US,12/31/2020,NVR-US_12/31/2020,1.160484165,0.989406639,1.297484488
PXD-US,12/31/2020,PXD-US_12/31/2020,1.491690103,1.369022001,1.568296097
FMC-US,12/31/2020,FMC-US_12/31/2020,1.173153548,1.077426455,1.265596747
NDAQ-US,12/31/2020,NDAQ-US_12/31/2020,1.014797075,1.124293261,0.940163233
PKI-US,12/31/2020,PKI-US_12/31/2020,0.731008887,0.703995964,0.741160999
CHRW-US,12/31/2020,CHRW-US_12/31/2020,0.545915309,0.58299184,0.495481886
IEX-US,12/31/2020,IEX-US_12/31/2020,0.871434848,0.792797539,0.947059573
BF.B-US,12/31/2020,BF.B-US_12/31/2020,0.827767618,0.819175458,0.825455436
CAH-US,12/31/2020,CAH-US_12/31/2020,0.944426147,1.005131907,0.879056813
HRL-US,12/31/2020,HRL-US_12/31/2020,0.4478906,0.641915102,0.31428631
DRE-US,12/31/2020,DRE-US_12/31/2020,1.110829303,1.267619451,1.042519345
GPC-US,12/31/2020,GPC-US_12/31/2020,1.135894595,1.272341973,1.037239782
EXR-US,12/31/2020,EXR-US_12/31/2020,0.667699387,0.576325346,0.777247585
MAA-US,12/31/2020,MAA-US_12/31/2020,1.003976843,0.95757829,1.094050943
NUE-US,12/31/2020,NUE-US_12/31/2020,1.123751591,1.1234212,1.122137551
ZBRA-US,12/31/2020,ZBRA-US_12/31/2020,1.147634271,1.214854029,1.07063735
IFF-US,12/31/2020,IFF-US_12/31/2020,0.904806701,1.008240277,0.814624116
ESS-US,12/31/2020,ESS-US_12/31/2020,1.030809038,0.918253014,1.08999538
HIG-US,12/31/2020,HIG-US_12/31/2020,1.214311552,0.925273791,1.448347054
TER-US,12/31/2020,TER-US_12/31/2020,1.232181091,1.365401434,1.100958441
IR-US,12/31/2020,IR-US_12/31/2020,1.039838004,0.96076185,1.048222059
SJM-US,12/31/2020,SJM-US_12/31/2020,0.425617312,0.589609016,0.251581631
DRI-US,12/31/2020,DRI-US_12/31/2020,1.587571597,1.357166938,1.782650554
ULTA-US,12/31/2020,ULTA-US_12/31/2020,1.285598464,1.151643076,1.392745627
LNT-US,12/31/2020,LNT-US_12/31/2020,0.824987756,0.934786608,0.75223069
CE-US,12/31/2020,CE-US_12/31/2020,1.22085881,1.057987633,1.332916951
EXPE-US,12/31/2020,EXPE-US_12/31/2020,1.300902963,0.934981674,1.480571873
TIF-US,12/31/2020,TIF-US_12/31/2020,0.245057095,0.159792532,0.3647105
ABMD-US,12/31/2020,ABMD-US_12/31/2020,0.614437187,0.696279646,0.546905071
JKHY-US,12/31/2020,JKHY-US_12/31/2020,0.753310217,0.822643145,0.665293274
URI-US,12/31/2020,URI-US_12/31/2020,1.453741601,1.445718107,1.430977907
PHM-US,12/31/2020,PHM-US_12/31/2020,1.301409313,1.199483362,1.424235382
WAT-US,12/31/2020,WAT-US_12/31/2020,0.852299937,0.977805296,0.767449236
SIVB-US,12/31/2020,SIVB-US_12/31/2020,1.449853991,1.454441845,1.398264121
NLOK-US,12/31/2020,NLOK-US_12/31/2020,0.474983968,0.431438043,0.52391305
HPE-US,12/31/2020,HPE-US_12/31/2020,1.149786619,1.080072025,1.169440412
AES-US,12/31/2020,AES-US_12/31/2020,1.169662393,1.019639041,1.253930434
ATO-US,12/31/2020,ATO-US_12/31/2020,0.856445099,1.057761609,0.743078277
J-US,12/31/2020,J-US_12/31/2020,0.93233969,0.9720454,0.917830224
FBHS-US,12/31/2020,FBHS-US_12/31/2020,1.237586154,1.140780966,1.288760865
KEY-US,12/31/2020,KEY-US_12/31/2020,1.627143448,1.551523466,1.6827213
LDOS-US,12/31/2020,LDOS-US_12/31/2020,0.980414346,0.931016415,1.04727449
OKE-US,12/31/2020,OKE-US_12/31/2020,1.599341497,0.859046468,2.190892837
EVRG-US,12/31/2020,EVRG-US_12/31/2020,1.077536155,1.231650046,1.056465997
MTB-US,12/31/2020,MTB-US_12/31/2020,1.267222767,1.31343426,1.175515003
RCL-US,12/31/2020,RCL-US_12/31/2020,1.820533184,1.409323917,2.019629129
CINF-US,12/31/2020,CINF-US_12/31/2020,1.235568741,1.366029832,1.125787709
WHR-US,12/31/2020,WHR-US_12/31/2020,1.345324209,1.577496087,1.262339308
TDY-US,12/31/2020,TDY-US_12/31/2020,1.064808621,0.996709763,1.121270428
ANET-US,12/31/2020,ANET-US_12/31/2020,1.015106796,1.158981456,0.921072648
IT-US,12/31/2020,IT-US_12/31/2020,1.008789732,0.89185888,1.049732682
BXP-US,12/31/2020,BXP-US_12/31/2020,1.162060005,1.063755333,1.212739426
RF-US,12/31/2020,RF-US_12/31/2020,1.50496436,1.364562415,1.562001517
HES-US,12/31/2020,HES-US_12/31/2020,1.45379128,1.326082737,1.462769622
WAB-US,12/31/2020,WAB-US_12/31/2020,1.118979062,1.046008288,1.136785154
CFG-US,12/31/2020,CFG-US_12/31/2020,1.605494246,1.496820591,1.653279404
ETFC-US,12/31/2020,ETFC-US_12/31/2020,#N/A,#N/A,#N/A
STX-US,12/31/2020,STX-US_12/31/2020,0.917872244,1.005505477,0.905169885
WDC-US,12/31/2020,WDC-US_12/31/2020,1.425315861,1.357687266,1.515299131
BIO-US,12/31/2020,BIO-US_12/31/2020,0.718095993,0.805618218,0.674675944
AVY-US,12/31/2020,AVY-US_12/31/2020,1.048153623,1.17813462,0.931006758
OMC-US,12/31/2020,OMC-US_12/31/2020,1.012748722,1.005220908,0.994515068
EMN-US,12/31/2020,EMN-US_12/31/2020,1.11201053,0.984853896,1.196799236
HAL-US,12/31/2020,HAL-US_12/31/2020,1.851841093,1.57011878,2.060090448
JBHT-US,12/31/2020,JBHT-US_12/31/2020,0.850055949,0.919357082,0.86360643
AAP-US,12/31/2020,AAP-US_12/31/2020,0.956897735,0.91495772,1.061298229
HAS-US,12/31/2020,HAS-US_12/31/2020,1.054251411,0.965978564,1.147952014
CNP-US,12/31/2020,CNP-US_12/31/2020,1.261578402,1.185440267,1.379139526
PFG-US,12/31/2020,PFG-US_12/31/2020,1.481587467,1.439234658,1.488566068
PKG-US,12/31/2020,PKG-US_12/31/2020,0.927621941,1.080678811,0.796242096
UAL-US,12/31/2020,UAL-US_12/31/2020,1.573863451,1.318323634,1.718849786
LUMN-US,12/31/2020,LUMN-US_12/31/2020,1.052641738,1.133026177,1.005336641
CPB-US,12/31/2020,CPB-US_12/31/2020,0.381909935,0.411232463,0.368961977
ALB-US,12/31/2020,ALB-US_12/31/2020,1.176700099,1.042613206,1.258343028
NTAP-US,12/31/2020,NTAP-US_12/31/2020,1.047489238,1.184291512,0.886932367
CBOE-US,12/31/2020,CBOE-US_12/31/2020,0.76907153,0.582675065,0.921548801
LW-US,12/31/2020,LW-US_12/31/2020,1.080573199,0.808024372,1.313679259
FOXA-US,12/31/2020,FOXA-US_12/31/2020,0.9363132,0.859471696,0.954767076
UDR-US,12/31/2020,UDR-US_12/31/2020,1.033974556,0.979353133,1.068674508
HBAN-US,12/31/2020,HBAN-US_12/31/2020,1.258782606,1.197307846,1.253368248
XRAY-US,12/31/2020,XRAY-US_12/31/2020,0.909901994,0.723615257,0.988111862
ALLE-US,12/31/2020,ALLE-US_12/31/2020,1.074762905,1.06145484,1.063486799
RJF-US,12/31/2020,RJF-US_12/31/2020,1.313057703,1.454040922,1.172912287
BKR-US,12/31/2020,BKR-US_12/31/2020,1.465725549,1.548848761,1.401707261
MGM-US,12/31/2020,MGM-US_12/31/2020,1.812416505,1.570516739,1.958041852
WRK-US,12/31/2020,WRK-US_12/31/2020,1.390811494,1.452490318,1.353521205
WU-US,12/31/2020,WU-US_12/31/2020,0.857391135,0.877239143,0.80687962
CXO-US,12/31/2020,CXO-US_12/31/2020,1.294740517,1.17092346,1.360782269
WRB-US,12/31/2020,WRB-US_12/31/2020,1.144256311,1.164139244,1.133575022
HSIC-US,12/31/2020,HSIC-US_12/31/2020,0.865254419,0.789421596,0.861520219
UHS-US,12/31/2020,UHS-US_12/31/2020,1.327681094,1.06432604,1.525290697
PNW-US,12/31/2020,PNW-US_12/31/2020,0.99252346,0.987707744,1.049483981
OXY-US,12/31/2020,OXY-US_12/31/2020,1.831321651,1.459852295,2.002628478
NI-US,12/31/2020,NI-US_12/31/2020,0.963520444,0.958875135,1.029253714
L-US,12/31/2020,L-US_12/31/2020,1.365149953,1.359322995,1.359654156
TXT-US,12/31/2020,TXT-US_12/31/2020,1.417083998,1.411433397,1.400976585
RE-US,12/31/2020,RE-US_12/31/2020,1.062890358,1.020239958,1.082274771
SNA-US,12/31/2020,SNA-US_12/31/2020,1.071000748,1.144994373,0.995402665
GL-US,12/31/2020,GL-US_12/31/2020,1.291096693,1.325258535,1.279796481
ROL-US,12/31/2020,ROL-US_12/31/2020,0.692169794,0.788167524,0.628655982
BWA-US,12/31/2020,BWA-US_12/31/2020,0.988433013,0.906338447,1.005092533
LYV-US,12/31/2020,LYV-US_12/31/2020,1.277624537,0.985320346,1.445217451
CCL-US,12/31/2020,CCL-US_12/31/2020,1.958524843,1.548840013,2.213385337
PNR-US,12/31/2020,PNR-US_12/31/2020,1.107340988,1.081068544,1.141828042
LKQ-US,12/31/2020,LKQ-US_12/31/2020,1.341604827,1.306220485,1.358724787
HST-US,12/31/2020,HST-US_12/31/2020,1.186881543,1.027327844,1.187118183
FFIV-US,12/31/2020,FFIV-US_12/31/2020,0.755773606,0.685176659,0.83492485
IRM-US,12/31/2020,IRM-US_12/31/2020,0.924650149,0.831564685,1.063823164
MYL-US,12/31/2020,MYL-US_12/31/2020,0.733143735,0.637575522,0.715943989
LB-US,12/31/2020,LB-US_12/31/2020,1.459222021,1.199224337,1.642807418
PWR-US,12/31/2020,PWR-US_12/31/2020,1.020244428,1.059220719,0.964569033
AOS-US,12/31/2020,AOS-US_12/31/2020,0.689879001,0.70039413,0.634701709
NRG-US,12/31/2020,NRG-US_12/31/2020,1.033395791,0.980302345,1.097601816
JNPR-US,12/31/2020,JNPR-US_12/31/2020,0.773698412,0.835403881,0.758092825
DISH-US,12/31/2020,DISH-US_12/31/2020,1.437988737,1.294157757,1.523926534
AIZ-US,12/31/2020,AIZ-US_12/31/2020,1.014965977,0.879917165,1.132389337
COG-US,12/31/2020,COG-US_12/31/2020,0.761230771,1.157001844,0.471952082
WYNN-US,12/31/2020,WYNN-US_12/31/2020,1.528485786,1.229111833,1.710504628
PRGO-US,12/31/2020,PRGO-US_12/31/2020,0.854994686,0.971400235,0.811539883
DVA-US,12/31/2020,DVA-US_12/31/2020,0.818644475,0.935943086,0.729286369
AAL-US,12/31/2020,AAL-US_12/31/2020,1.332337797,1.429520213,1.14771725
CF-US,12/31/2020,CF-US_12/31/2020,1.182035459,1.067712676,1.284412065
HWM-US,12/31/2020,HWM-US_12/31/2020,1.432822077,1.323509814,1.44748022
IPG-US,12/31/2020,IPG-US_12/31/2020,1.267042824,1.278867552,1.27127916
NWL-US,12/31/2020,NWL-US_12/31/2020,1.162821956,1.339082195,1.067729266
TAP-US,12/31/2020,TAP-US_12/31/2020,0.880518285,0.943220311,0.810496786
MOS-US,12/31/2020,MOS-US_12/31/2020,1.297575011,1.128972956,1.355807472
RHI-US,12/31/2020,RHI-US_12/31/2020,0.976468833,0.992381371,0.930690767
DISCK-US,12/31/2020,DISCK-US_12/31/2020,0.897134091,0.704075842,1.005294311
IPGP-US,12/31/2020,IPGP-US_12/31/2020,0.938483483,1.049973898,0.793830573
REG-US,12/31/2020,REG-US_12/31/2020,1.227458673,1.147435979,1.256455043
SEE-US,12/31/2020,SEE-US_12/31/2020,0.843419877,0.564314089,0.993932056
MHK-US,12/31/2020,MHK-US_12/31/2020,1.25451956,1.127478434,1.292754097
HII-US,12/31/2020,HII-US_12/31/2020,0.841418074,0.783110554,0.897812609
LNC-US,12/31/2020,LNC-US_12/31/2020,2.215845553,2.316192915,2.169244406
CMA-US,12/31/2020,CMA-US_12/31/2020,1.463385055,1.279597478,1.561005648
NWSA-US,12/31/2020,NWSA-US_12/31/2020,0.996485518,1.008479553,0.951195928
LEG-US,12/31/2020,LEG-US_12/31/2020,1.443039625,1.406786377,1.441433285
NLSN-US,12/31/2020,NLSN-US_12/31/2020,1.124542603,1.149170649,1.085690423
BEN-US,12/31/2020,BEN-US_12/31/2020,1.081216031,1.129576681,0.959195123
HBI-US,12/31/2020,HBI-US_12/31/2020,1.043978087,0.850313064,1.114548322
VNO-US,12/31/2020,VNO-US_12/31/2020,1.29382628,1.00013319,1.472662465
NCLH-US,12/31/2020,NCLH-US_12/31/2020,2.031047335,1.76612,2.16393766
FANG-US,12/31/2020,FANG-US_12/31/2020,1.509112937,1.058566432,1.76871802
FRT-US,12/31/2020,FRT-US_12/31/2020,1.182897465,0.991219282,1.30654141
AIV-US,12/31/2020,AIV-US_12/31/2020,1.159699288,1.0270917,1.280793329
FLIR-US,12/31/2020,FLIR-US_12/31/2020,0.792840336,0.736962943,0.826132593
ZION-US,12/31/2020,ZION-US_12/31/2020,1.033586521,0.936832924,1.034660768
KIM-US,12/31/2020,KIM-US_12/31/2020,1.302200736,1.020566271,1.466797014
FOX-US,12/31/2020,FOX-US_12/31/2020,0.951444371,0.851546438,0.985426853
DXC-US,12/31/2020,DXC-US_12/31/2020,1.896114504,1.750257109,1.968328249
PVH-US,12/31/2020,PVH-US_12/31/2020,1.705914111,1.645559686,1.728817339
ALK-US,12/31/2020,ALK-US_12/31/2020,1.444886087,1.244600971,1.591227553
PBCT-US,12/31/2020,PBCT-US_12/31/2020,1.231774223,1.413113943,1.059956999
TPR-US,12/31/2020,TPR-US_12/31/2020,1.660794894,1.68514144,1.716339405
NBL-US,12/31/2020,NBL-US_12/31/2020,#N/A,#N/A,#N/A
IVZ-US,12/31/2020,IVZ-US_12/31/2020,1.60429122,1.59888418,1.545988321
DVN-US,12/31/2020,DVN-US_12/31/2020,1.699306365,1.353438657,1.870803715
APA-US,12/31/2020,APA-US_12/31/2020,1.866888506,1.289893589,2.403984455
GPS-US,12/31/2020,GPS-US_12/31/2020,1.538417974,1.370238673,1.540108303
MRO-US,12/31/2020,MRO-US_12/31/2020,1.465918101,1.07406563,1.66453042
RL-US,12/31/2020,RL-US_12/31/2020,1.075756523,0.96387431,1.138194038
NOV-US,12/31/2020,NOV-US_12/31/2020,1.651880142,1.449998975,1.73340972
DISCA-US,12/31/2020,DISCA-US_12/31/2020,0.908042545,0.764628164,0.979232561
UNM-US,12/31/2020,UNM-US_12/31/2020,1.76374361,1.704985142,1.837624103
FLS-US,12/31/2020,FLS-US_12/31/2020,1.232920278,0.978824496,1.348062332
SLG-US,12/31/2020,SLG-US_12/31/2020,1.502163955,1.280607326,1.555584784
XRX-US,12/31/2020,XRX-US_12/31/2020,1.333148243,0.955771347,1.525124353
HFC-US,12/31/2020,HFC-US_12/31/2020,1.32491083,1.32586827,1.195576211
FTI-US,12/31/2020,FTI-US_12/31/2020,1.629488686,1.301815754,1.792632211
UAA-US,12/31/2020,UAA-US_12/31/2020,1.274344541,1.214116748,1.35797927
NWS-US,12/31/2020,NWS-US_12/31/2020,1.019862469,0.997956888,0.99800507
UA-US,12/31/2020,UA-US_12/31/2020,1.177432388,1.076243624,1.255164468
POOL-US,12/31/2020,POOL-US_12/31/2020,0.8584654,0.874999628,0.905155256
FDS-US,12/31/2020,FDS-US_12/31/2020,1.032874849,1.095345397,0.998324005
FICO-US,12/31/2020,FICO-US_12/31/2020,1.3735651,1.357409954,1.438341306
TRMB-US,12/31/2020,TRMB-US_12/31/2020,1.04223641,0.741754539,1.236454447
GNRC-US,12/31/2020,GNRC-US_12/31/2020,1.114465597,1.159229142,1.073537059
SEDG-US,12/31/2020,SEDG-US_12/31/2020,1.32996177,1.207142827,1.368164993
MASI-US,12/31/2020,MASI-US_12/31/2020,0.534506731,0.567080342,0.51306775
MPWR-US,12/31/2020,MPWR-US_12/31/2020,1.43903427,1.668982527,1.29547225
CGNX-US,12/31/2020,CGNX-US_12/31/2020,1.269720123,1.560759541,1.021160643
CRL-US,12/31/2020,CRL-US_12/31/2020,1.106308485,0.980513667,1.180145135
MOH-US,12/31/2020,MOH-US_12/31/2020,0.990038299,1.055731585,0.953555036
RPM-US,12/31/2020,RPM-US_12/31/2020,1.01386019,1.119559608,0.949047394
CDAY-US,12/31/2020,CDAY-US_12/31/2020,1.178629551,1.136990244,1.246515306
BRO-US,12/31/2020,BRO-US_12/31/2020,0.917699105,0.996110358,0.869368011
PENN-US,12/31/2020,PENN-US_12/31/2020,1.819024149,1.159195197,2.400750128
ENPH-US,12/31/2020,ENPH-US_12/31/2020,1.52453038,1.329329283,1.554089799
NDSN-US,12/31/2020,NDSN-US_12/31/2020,1.225142523,1.347195057,1.18819379
GGG-US,12/31/2020,GGG-US_12/31/2020,0.967942397,1.052288739,0.935969275
CABO-US,12/31/2020,CABO-US_12/31/2020,0.957936933,0.953362559,0.998787441
RUN-US,12/31/2020,RUN-US_12/31/2020,1.400599017,1.162193496,1.523293902
TECH-US,12/31/2020,TECH-US_12/31/2020,0.672226236,0.664268069,0.697791475
LII-US,12/31/2020,LII-US_12/31/2020,0.70710608,0.545481604,0.77101951
MPW-US,12/31/2020,MPW-US_12/31/2020,1.272577763,1.096838492,1.480446136
TTC-US,12/31/2020,TTC-US_12/31/2020,0.80337514,0.734290069,0.858644291
WTRG-US,12/31/2020,WTRG-US_12/31/2020,1.073032633,1.173330464,1.013409647
RNR-US,12/31/2020,RNR-US_12/31/2020,0.891261671,0.786213462,0.949261136
CPT-US,12/31/2020,CPT-US_12/31/2020,1.012355988,0.995766821,1.087440857
PTC-US,12/31/2020,PTC-US_12/31/2020,0.928906111,0.7119516,1.017213324
CZR-US,12/31/2020,CZR-US_12/31/2020,2.202223991,1.992351094,2.459309287
QDEL-US,12/31/2020,QDEL-US_12/31/2020,0.473396503,0.599946714,0.45478442
TREX-US,12/31/2020,TREX-US_12/31/2020,1.275834044,1.324031084,1.266185123
CONE-US,12/31/2020,CONE-US_12/31/2020,0.952377694,1.011275488,1.014805467
SAM-US,12/31/2020,SAM-US_12/31/2020,0.747536659,0.825655801,0.777787786
JAZZ-US,12/31/2020,JAZZ-US_12/31/2020,0.845245942,0.891914571,0.825922564
RGLD-US,12/31/2020,RGLD-US_12/31/2020,0.411457049,0.489344435,0.323072334
OLED-US,12/31/2020,OLED-US_12/31/2020,1.142509005,1.05354235,1.176848434
XPO-US,12/31/2020,XPO-US_12/31/2020,1.341623369,1.321183808,1.361139495
AMED-US,12/31/2020,AMED-US_12/31/2020,0.782972241,0.777237031,0.847423517
CHE-US,12/31/2020,CHE-US_12/31/2020,0.844175162,0.804705828,0.883473983
WSO-US,12/31/2020,WSO-US_12/31/2020,0.519288011,0.551822458,0.485499549
EXEL-US,12/31/2020,EXEL-US_12/31/2020,0.82086275,0.790725642,0.901780086
Y-US,12/31/2020,Y-US_12/31/2020,1.203850286,1.168384786,1.204552513
SCI-US,12/31/2020,SCI-US_12/31/2020,0.855345706,0.838630837,0.863415321
OC-US,12/31/2020,OC-US_12/31/2020,1.301670464,1.111713285,1.408782267
HUBB-US,12/31/2020,HUBB-US_12/31/2020,1.121991156,1.136793802,1.102334271
ATR-US,12/31/2020,ATR-US_12/31/2020,0.710204585,0.721825611,0.702969056
RGEN-US,12/31/2020,RGEN-US_12/31/2020,0.704846056,0.904623375,0.586528712
FIVE-US,12/31/2020,FIVE-US_12/31/2020,1.380835252,1.376385869,1.498294975
WSM-US,12/31/2020,WSM-US_12/31/2020,1.258191199,1.081480653,1.424190601
CREE-US,12/31/2020,CREE-US_12/31/2020,1.467175212,1.610131408,1.303603471
IAA-US,12/31/2020,IAA-US_12/31/2020,1.040972536,0.821842804,1.234807146
UGI-US,12/31/2020,UGI-US_12/31/2020,1.056782735,0.878048083,1.162365818
OHI-US,12/31/2020,OHI-US_12/31/2020,1.309145227,0.868197033,1.678236541
DNKN-US,12/31/2020,DNKN-US_12/31/2020,1.131025433,1.328298827,1.094181137
LHCG-US,12/31/2020,LHCG-US_12/31/2020,0.957685022,0.931050697,1.008118653
ACM-US,12/31/2020,ACM-US_12/31/2020,1.179021342,0.89264626,1.412277267
CSL-US,12/31/2020,CSL-US_12/31/2020,1.047127378,1.082871417,1.014441674
GRUB-US,12/31/2020,GRUB-US_12/31/2020,0.950306995,1.145816016,0.847360758
CASY-US,12/31/2020,CASY-US_12/31/2020,0.83754116,0.96951972,0.77045096
PEN-US,12/31/2020,PEN-US_12/31/2020,0.792326452,0.799927612,0.831761542
RS-US,12/31/2020,RS-US_12/31/2020,1.083001648,1.07310654,1.068801579
PRAH-US,12/31/2020,PRAH-US_12/31/2020,1.19354892,1.211998942,1.17664243
RGA-US,12/31/2020,RGA-US_12/31/2020,1.47631947,1.399778503,1.505967934
EHC-US,12/31/2020,EHC-US_12/31/2020,0.923718623,0.886727017,0.95665873
GNTX-US,12/31/2020,GNTX-US_12/31/2020,0.961299936,0.99866814,0.929874393
STOR-US,12/31/2020,STOR-US_12/31/2020,1.309140365,0.878953828,1.654053001
SMG-US,12/31/2020,SMG-US_12/31/2020,0.979040647,1.026034069,0.999252141
NYT-US,12/31/2020,NYT-US_12/31/2020,0.685919601,0.646336999,0.780747171
SEIC-US,12/31/2020,SEIC-US_12/31/2020,1.094067947,1.139791704,1.042308533
DECK-US,12/31/2020,DECK-US_12/31/2020,1.107382407,0.987196674,1.176376224
WEX-US,12/31/2020,WEX-US_12/31/2020,1.763642214,1.589539356,1.861781406
ARW-US,12/31/2020,ARW-US_12/31/2020,1.094446101,1.034102379,1.114895892
CIEN-US,12/31/2020,CIEN-US_12/31/2020,0.981590578,1.076388084,0.895522507
MANH-US,12/31/2020,MANH-US_12/31/2020,1.268415671,1.066764045,1.383708521
MKSI-US,12/31/2020,MKSI-US_12/31/2020,1.427182772,1.488574862,1.411792079
OGE-US,12/31/2020,OGE-US_12/31/2020,0.928348878,0.927544071,0.916588873
PCTY-US,12/31/2020,PCTY-US_12/31/2020,1.140717277,1.047208639,1.209629884
NNN-US,12/31/2020,NNN-US_12/31/2020,1.185115487,0.883664559,1.402009477
LEA-US,12/31/2020,LEA-US_12/31/2020,1.2469244,1.212112802,1.246017654
RH-US,12/31/2020,RH-US_12/31/2020,1.678347239,1.646169066,1.736927722
DCI-US,12/31/2020,DCI-US_12/31/2020,1.017814023,1.008791302,1.013327057
DAR-US,12/31/2020,DAR-US_12/31/2020,1.170694658,1.019608679,1.250568962
CHDN-US,12/31/2020,CHDN-US_12/31/2020,1.640985504,1.58770662,1.651481807
SNX-US,12/31/2020,SNX-US_12/31/2020,1.109841214,0.907328931,1.284605286
SRCL-US,12/31/2020,SRCL-US_12/31/2020,1.117562185,1.069478772,1.110912238
AAXN-US,12/31/2020,AAXN-US_12/31/2020,1.085430192,1.021379218,1.174712601
BJ-US,12/31/2020,BJ-US_12/31/2020,0.342279377,0.594425735,0.12391334
STLD-US,12/31/2020,STLD-US_12/31/2020,1.285441197,1.260336003,1.329710816
LAMR-US,12/31/2020,LAMR-US_12/31/2020,1.722143766,1.625971493,1.863253075
FAF-US,12/31/2020,FAF-US_12/31/2020,0.965512773,0.678894891,1.179887248
REXR-US,12/31/2020,REXR-US_12/31/2020,1.01638305,0.930946609,1.127685553
CBSH-US,12/31/2020,CBSH-US_12/31/2020,1.029960735,1.220913794,0.878740107
LITE-US,12/31/2020,LITE-US_12/31/2020,1.09485239,1.11219679,1.096706727
BLD-US,12/31/2020,BLD-US_12/31/2020,1.469619258,1.363538967,1.5687261
FSLR-US,12/31/2020,FSLR-US_12/31/2020,0.842745809,0.624032016,0.85827512
TOL-US,12/31/2020,TOL-US_12/31/2020,1.425303122,1.283810285,1.573701484
HRC-US,12/31/2020,HRC-US_12/31/2020,0.790864395,0.953188915,0.707432151
LECO-US,12/31/2020,LECO-US_12/31/2020,1.008720474,1.064411149,0.937352656
KRC-US,12/31/2020,KRC-US_12/31/2020,1.16323907,1.118737241,1.199285187
PII-US,12/31/2020,PII-US_12/31/2020,1.420290314,1.3347065,1.529118486
POST-US,12/31/2020,POST-US_12/31/2020,0.754800256,0.713993983,0.772846067
CLGX-US,12/31/2020,CLGX-US_12/31/2020,0.857723048,1.108758717,0.709972523
CACI-US,12/31/2020,CACI-US_12/31/2020,1.007365239,0.959570454,1.069247709
CDK-US,12/31/2020,CDK-US_12/31/2020,0.86028883,0.721048574,0.90074941
THO-US,12/31/2020,THO-US_12/31/2020,1.516018733,1.304414809,1.743952284
FHN-US,12/31/2020,FHN-US_12/31/2020,1.592789355,1.42556328,1.661240787
TTEK-US,12/31/2020,TTEK-US_12/31/2020,1.142580057,1.19984366,1.079139774
KNX-US,12/31/2020,KNX-US_12/31/2020,0.690045454,0.823815022,0.626123267
SON-US,12/31/2020,SON-US_12/31/2020,1.047167216,1.182306434,0.99040397
LAD-US,12/31/2020,LAD-US_12/31/2020,1.22269679,1.050228499,1.299063265
ITT-US,12/31/2020,ITT-US_12/31/2020,1.243055384,1.22038998,1.236300194
EGP-US,12/31/2020,EGP-US_12/31/2020,1.26948828,1.287082777,1.317216061
INGR-US,12/31/2020,INGR-US_12/31/2020,0.889994719,0.792424433,0.994832959
FR-US,12/31/2020,FR-US_12/31/2020,1.122544185,1.077385736,1.196670948
COR-US,12/31/2020,COR-US_12/31/2020,0.710320499,0.78646311,0.711625226
OSK-US,12/31/2020,OSK-US_12/31/2020,1.068475166,1.036494192,1.048484957
MIDD-US,12/31/2020,MIDD-US_12/31/2020,1.267841854,0.923945858,1.452220375
OLLI-US,12/31/2020,OLLI-US_12/31/2020,0.91904562,0.845767276,1.010721656
JLL-US,12/31/2020,JLL-US_12/31/2020,1.179621571,1.027024375,1.266131119
LSI-US,12/31/2020,LSI-US_12/31/2020,0.832825818,0.78176021,0.9710034
HELE-US,12/31/2020,HELE-US_12/31/2020,1.101221984,1.167619622,1.120846425
MSA-US,12/31/2020,MSA-US_12/31/2020,1.07859973,1.217050901,1.023414638
LSTR-US,12/31/2020,LSTR-US_12/31/2020,0.842488679,0.989630086,0.760831828
ACC-US,12/31/2020,ACC-US_12/31/2020,1.326266873,1.11320854,1.554286598
AFG-US,12/31/2020,AFG-US_12/31/2020,1.483732934,1.25474179,1.647247075
PB-US,12/31/2020,PB-US_12/31/2020,1.24367624,1.250255356,1.2092625
FLO-US,12/31/2020,FLO-US_12/31/2020,0.570471926,0.698564052,0.518187602
WH-US,12/31/2020,WH-US_12/31/2020,1.2531158,1.034886702,1.342625265
NATI-US,12/31/2020,NATI-US_12/31/2020,1.075464222,0.87502673,1.224299294
BC-US,12/31/2020,BC-US_12/31/2020,1.379408117,1.187970708,1.559977256
WWD-US,12/31/2020,WWD-US_12/31/2020,1.472248715,1.308718852,1.607637316
EBS-US,12/31/2020,EBS-US_12/31/2020,1.068661308,1.306198586,0.864115043
JBL-US,12/31/2020,JBL-US_12/31/2020,1.352292286,1.19589158,1.433461234
EWBC-US,12/31/2020,EWBC-US_12/31/2020,1.266348578,1.272903562,1.200620588
AGCO-US,12/31/2020,AGCO-US_12/31/2020,1.088914299,0.992896396,1.157606249
SAIC-US,12/31/2020,SAIC-US_12/31/2020,1.228653612,1.184411364,1.274252151
MDU-US,12/31/2020,MDU-US_12/31/2020,1.173681987,0.950494202,1.315005544
UTHR-US,12/31/2020,UTHR-US_12/31/2020,0.665932582,0.613339278,0.728371338
PRI-US,12/31/2020,PRI-US_12/31/2020,1.258790273,1.313946326,1.200010509
SBNY-US,12/31/2020,SBNY-US_12/31/2020,1.230246727,1.06755464,1.312702997
HAE-US,12/31/2020,HAE-US_12/31/2020,0.739266123,0.637327151,0.822469389
ARWR-US,12/31/2020,ARWR-US_12/31/2020,1.075750233,0.889169599,1.269245991
EV-US,12/31/2020,EV-US_12/31/2020,1.425041335,1.379286429,1.393220174
MRCY-US,12/31/2020,MRCY-US_12/31/2020,1.193733,1.402800322,1.064098747
LFUS-US,12/31/2020,LFUS-US_12/31/2020,1.137436586,1.108035771,1.128294301
SLAB-US,12/31/2020,SLAB-US_12/31/2020,1.456716334,1.608882595,1.293309627
TPX-US,12/31/2020,TPX-US_12/31/2020,1.457205333,1.056511144,1.811272239
MAN-US,12/31/2020,MAN-US_12/31/2020,1.033753604,1.174718945,0.897506065
CUZ-US,12/31/2020,CUZ-US_12/31/2020,1.250968531,1.097471618,1.370335631
IIVI-US,12/31/2020,IIVI-US_12/31/2020,1.194978919,1.348144772,1.091862242
MMS-US,12/31/2020,MMS-US_12/31/2020,0.858291188,0.843004196,0.872771959
ORI-US,12/31/2020,ORI-US_12/31/2020,1.130469599,1.084411185,1.123512693
ESNT-US,12/31/2020,ESNT-US_12/31/2020,1.442618751,1.317690393,1.408046806
CCMP-US,12/31/2020,CCMP-US_12/31/2020,1.769210557,1.914770432,1.683373342
DEI-US,12/31/2020,DEI-US_12/31/2020,1.124185175,1.002841724,1.218314327
SKX-US,12/31/2020,SKX-US_12/31/2020,1.196931826,1.049854081,1.272480825
KMPR-US,12/31/2020,KMPR-US_12/31/2020,1.009458834,1.220645014,0.795350086
HR-US,12/31/2020,HR-US_12/31/2020,0.917918921,0.883253489,0.984617484
AYI-US,12/31/2020,AYI-US_12/31/2020,1.208789168,1.304042706,1.126630143
MAT-US,12/31/2020,MAT-US_12/31/2020,0.981543919,0.894964107,1.013369762
WING-US,12/31/2020,WING-US_12/31/2020,0.826800902,0.761415537,0.937361496
IDA-US,12/31/2020,IDA-US_12/31/2020,0.909453386,1.018579012,0.866713767
WEN-US,12/31/2020,WEN-US_12/31/2020,1.190902975,0.949378529,1.422331736
FFIN-US,12/31/2020,FFIN-US_12/31/2020,1.111725846,1.219258172,0.965897364
TXRH-US,12/31/2020,TXRH-US_12/31/2020,1.192241793,1.115213508,1.189576188
HQY-US,12/31/2020,HQY-US_12/31/2020,1.39575274,1.372422196,1.388434904
CRUS-US,12/31/2020,CRUS-US_12/31/2020,1.326898331,1.410392404,1.293609341
JEF-US,12/31/2020,JEF-US_12/31/2020,1.276347043,1.218825566,1.275273932
CW-US,12/31/2020,CW-US_12/31/2020,1.285131142,1.190884998,1.349054922
FCN-US,12/31/2020,FCN-US_12/31/2020,0.425418117,0.594911639,0.303764073
ASH-US,12/31/2020,ASH-US_12/31/2020,1.059789076,0.848742094,1.174193867
NYCB-US,12/31/2020,NYCB-US_12/31/2020,0.840006472,0.906067727,0.751695773
IBKR-US,12/31/2020,IBKR-US_12/31/2020,0.942617755,0.91555685,0.922754022
BLDR-US,12/31/2020,BLDR-US_12/31/2020,1.623843677,1.409330511,1.743196791
RBC-US,12/31/2020,RBC-US_12/31/2020,1.172770802,1.188640802,1.129561568
AAN-US,12/31/2020,AAN-US_12/31/2020,#N/A,#N/A,#N/A
LOPE-US,12/31/2020,LOPE-US_12/31/2020,0.731919141,0.657229812,0.767424014
CRI-US,12/31/2020,CRI-US_12/31/2020,1.012917948,0.964492118,1.025497494
DKS-US,12/31/2020,DKS-US_12/31/2020,1.174222715,0.955471542,1.345714349
HOG-US,12/31/2020,HOG-US_12/31/2020,1.531459398,1.702627361,1.458748771
GMED-US,12/31/2020,GMED-US_12/31/2020,0.809034501,0.839508796,0.710422617
VAC-US,12/31/2020,VAC-US_12/31/2020,1.650864077,1.653540446,1.617542153
DOC-US,12/31/2020,DOC-US_12/31/2020,0.979871265,0.790893211,1.120347686
SYNH-US,12/31/2020,SYNH-US_12/31/2020,1.326378961,1.258858447,1.382894894
EME-US,12/31/2020,EME-US_12/31/2020,1.071213321,0.873096195,1.204591432
NFG-US,12/31/2020,NFG-US_12/31/2020,0.753115883,0.956802632,0.600538759
TKR-US,12/31/2020,TKR-US_12/31/2020,1.372719018,1.28341488,1.402242994
OGS-US,12/31/2020,OGS-US_12/31/2020,1.10328889,1.216903995,1.054245917
HE-US,12/31/2020,HE-US_12/31/2020,0.805861396,1.105274657,0.60180976
RYN-US,12/31/2020,RYN-US_12/31/2020,1.311372434,1.31918376,1.371702827
EXP-US,12/31/2020,EXP-US_12/31/2020,1.468429998,1.458849196,1.549368107
CFR-US,12/31/2020,CFR-US_12/31/2020,1.323977301,1.407246972,1.253484509
ICUI-US,12/31/2020,ICUI-US_12/31/2020,0.603612584,0.610762214,0.591416937
TCF-US,12/31/2020,TCF-US_12/31/2020,1.775852155,1.76278789,1.795210785
SWX-US,12/31/2020,SWX-US_12/31/2020,1.091034175,1.291160848,0.974479969
VVV-US,12/31/2020,VVV-US_12/31/2020,1.133876747,1.036808385,1.229861143
THG-US,12/31/2020,THG-US_12/31/2020,1.011956499,0.889602913,1.131715224
LANC-US,12/31/2020,LANC-US_12/31/2020,0.810946538,0.840654065,0.792776533
HIW-US,12/31/2020,HIW-US_12/31/2020,1.2877295,1.164066015,1.396209003
MUSA-US,12/31/2020,MUSA-US_12/31/2020,0.744326574,0.866723187,0.659953645
SRC-US,12/31/2020,SRC-US_12/31/2020,1.465229202,1.14354787,1.746937662
SF-US,12/31/2020,SF-US_12/31/2020,1.472807828,1.451035513,1.458846926
BRX-US,12/31/2020,BRX-US_12/31/2020,1.373468352,1.209566725,1.463802923
SMTC-US,12/31/2020,SMTC-US_12/31/2020,1.387211621,1.387883794,1.372209981
FL-US,12/31/2020,FL-US_12/31/2020,1.113310608,1.114679859,1.028949846
ETRN-US,12/31/2020,ETRN-US_12/31/2020,0.850593203,0.627526049,1.023796371
CC-US,12/31/2020,CC-US_12/31/2020,1.784475823,1.659319009,1.765644517
RAMP-US,12/31/2020,RAMP-US_12/31/2020,1.043201516,0.94188637,1.019728502
KBH-US,12/31/2020,KBH-US_12/31/2020,1.555588961,1.34774787,1.749847574
HPP-US,12/31/2020,HPP-US_12/31/2020,1.362876442,1.204608142,1.502386359
BKH-US,12/31/2020,BKH-US_12/31/2020,1.168481197,1.178193193,1.193770461
IART-US,12/31/2020,IART-US_12/31/2020,0.83941571,0.790756362,0.842762366
ASGN-US,12/31/2020,ASGN-US_12/31/2020,1.278951041,1.111847355,1.425763772
LPX-US,12/31/2020,LPX-US_12/31/2020,1.592569555,1.508107007,1.693670574
RLI-US,12/31/2020,RLI-US_12/31/2020,1.006135609,1.118404181,0.905260845
EQT-US,12/31/2020,EQT-US_12/31/2020,0.776121171,1.540642769,0.245094988
QLYS-US,12/31/2020,QLYS-US_12/31/2020,0.679502051,0.721712861,0.631846584
PNM-US,12/31/2020,PNM-US_12/31/2020,1.105178282,1.014156056,1.246986175
GO-US,12/31/2020,GO-US_12/31/2020,0.468223207,0.61424718,0.402162556
JHG-US,12/31/2020,JHG-US_12/31/2020,1.305378902,1.301153105,1.313067568
TMHC-US,12/31/2020,TMHC-US_12/31/2020,1.828672067,1.415215496,2.143217884
KBR-US,12/31/2020,KBR-US_12/31/2020,1.551752555,1.431172943,1.681098766
AMG-US,12/31/2020,AMG-US_12/31/2020,1.31047436,1.406325848,1.224688693
CFX-US,12/31/2020,CFX-US_12/31/2020,1.640348738,1.534549627,1.689632123
HRB-US,12/31/2020,HRB-US_12/31/2020,1.152219023,1.15620237,1.151155946
SNV-US,12/31/2020,SNV-US_12/31/2020,1.715094218,1.596402009,1.789794176
JCOM-US,12/31/2020,JCOM-US_12/31/2020,0.833311625,0.70896047,0.930009676
AN-US,12/31/2020,AN-US_12/31/2020,1.104773293,0.833771744,1.266435701
JBLU-US,12/31/2020,JBLU-US_12/31/2020,1.23809809,1.006529203,1.302586236
FOXF-US,12/31/2020,FOXF-US_12/31/2020,1.269599351,1.249729067,1.254074548
SIGI-US,12/31/2020,SIGI-US_12/31/2020,1.141320162,1.096274288,1.139035908
GBCI-US,12/31/2020,GBCI-US_12/31/2020,1.256948286,1.372336522,1.138658644
MEDP-US,12/31/2020,MEDP-US_12/31/2020,1.182976798,1.186092368,1.131627675
ACIW-US,12/31/2020,ACIW-US_12/31/2020,1.071961504,0.865138757,1.112927589
SLM-US,12/31/2020,SLM-US_12/31/2020,0.963090294,0.764575313,1.089369519
NVT-US,12/31/2020,NVT-US_12/31/2020,1.305750764,1.105494246,1.426870437
JBGS-US,12/31/2020,JBGS-US_12/31/2020,1.096660335,1.089096125,1.136666711
NKTR-US,12/31/2020,NKTR-US_12/31/2020,0.799071664,0.673437812,0.898147355
KSS-US,12/31/2020,KSS-US_12/31/2020,1.481092324,1.147256931,1.66901017
SLGN-US,12/31/2020,SLGN-US_12/31/2020,0.561542138,0.524966866,0.573708196
MSM-US,12/31/2020,MSM-US_12/31/2020,0.721146797,0.782373491,0.604078233
CLH-US,12/31/2020,CLH-US_12/31/2020,1.424118131,1.222059185,1.530452644
HAIN-US,12/31/2020,HAIN-US_12/31/2020,0.420879959,0.502393731,0.329897428
UNVR-US,12/31/2020,UNVR-US_12/31/2020,1.458666414,1.147418296,1.625084656
ENS-US,12/31/2020,ENS-US_12/31/2020,1.435636914,1.395067795,1.432522922
NCR-US,12/31/2020,NCR-US_12/31/2020,1.68698535,1.403658468,1.845683771
SBRA-US,12/31/2020,SBRA-US_12/31/2020,1.471949169,0.951243041,1.869386435
PCH-US,12/31/2020,PCH-US_12/31/2020,1.403902139,1.420376376,1.412571655
HXL-US,12/31/2020,HXL-US_12/31/2020,1.311462646,0.902179891,1.581261665
UBSI-US,12/31/2020,UBSI-US_12/31/2020,1.247035042,1.293848289,1.154404039
BLKB-US,12/31/2020,BLKB-US_12/31/2020,0.971885943,0.695469111,1.186087018
VLY-US,12/31/2020,VLY-US_12/31/2020,1.191244594,1.183560566,1.123926422
SYNA-US,12/31/2020,SYNA-US_12/31/2020,1.138792055,1.137814283,1.065456252
SR-US,12/31/2020,SR-US_12/31/2020,1.004137867,1.18848151,0.880018198
CBRL-US,12/31/2020,CBRL-US_12/31/2020,1.25328632,0.875722437,1.546629097
PZZA-US,12/31/2020,PZZA-US_12/31/2020,0.593028807,0.154634345,0.942488015
PNFP-US,12/31/2020,PNFP-US_12/31/2020,1.320271508,1.236760356,1.350986526
COHR-US,12/31/2020,COHR-US_12/31/2020,1.157071028,1.116177063,1.187435446
ALE-US,12/31/2020,ALE-US_12/31/2020,1.093778175,1.11301704,1.089484878
OFC-US,12/31/2020,OFC-US_12/31/2020,1.111174915,1.02765785,1.162538751
EVR-US,12/31/2020,EVR-US_12/31/2020,1.323646837,1.215879593,1.434871437
PRSP-US,12/31/2020,PRSP-US_12/31/2020,1.170560458,1.082700727,1.250117674
VMI-US,12/31/2020,VMI-US_12/31/2020,0.923292847,0.897812761,0.952909637
COLM-US,12/31/2020,COLM-US_12/31/2020,1.040860063,0.989283059,1.062554803
ACHC-US,12/31/2020,ACHC-US_12/31/2020,1.415238004,1.190880331,1.593358472
WYND-US,12/31/2020,WYND-US_12/31/2020,1.64708541,1.652092469,1.579770519
NJR-US,12/31/2020,NJR-US_12/31/2020,1.219992555,1.164397852,1.272191196
OZK-US,12/31/2020,OZK-US_12/31/2020,1.272297789,1.353269629,1.176015779
THC-US,12/31/2020,THC-US_12/31/2020,1.578443386,1.21448759,1.749985416
NUS-US,12/31/2020,NUS-US_12/31/2020,0.658929359,0.181581747,0.896551035
TGNA-US,12/31/2020,TGNA-US_12/31/2020,0.686179852,0.579476031,0.695041315
AVT-US,12/31/2020,AVT-US_12/31/2020,1.203074279,1.176126308,1.205137542
NEU-US,12/31/2020,NEU-US_12/31/2020,0.501222485,0.495289733,0.461430407
BHF-US,12/31/2020,BHF-US_12/31/2020,2.006794526,2.022144696,1.972807526
NUVA-US,12/31/2020,NUVA-US_12/31/2020,1.222368644,0.956655301,1.407624929
XEC-US,12/31/2020,XEC-US_12/31/2020,1.534663014,1.216377177,1.78635148
TDC-US,12/31/2020,TDC-US_12/31/2020,0.872921732,0.940927674,0.803741357
CHH-US,12/31/2020,CHH-US_12/31/2020,1.022349582,0.822734902,1.066162576
CR-US,12/31/2020,CR-US_12/31/2020,1.350061345,1.261996541,1.39497075
BYD-US,12/31/2020,BYD-US_12/31/2020,1.756096507,1.38253533,2.029263918
AVNT-US,12/31/2020,AVNT-US_12/31/2020,1.375745134,1.123532548,1.511402864
SFM-US,12/31/2020,SFM-US_12/31/2020,0.489567187,0.780527122,0.259120647
NWE-US,12/31/2020,NWE-US_12/31/2020,1.147820713,1.146747778,1.197927134
PSB-US,12/31/2020,PSB-US_12/31/2020,1.026797566,0.901648636,1.117976444
SXT-US,12/31/2020,SXT-US_12/31/2020,0.933141351,0.889759128,0.940328531
WERN-US,12/31/2020,WERN-US_12/31/2020,0.699144654,0.823724427,0.647647256
TREE-US,12/31/2020,TREE-US_12/31/2020,1.04236632,1.073015235,1.03239403
KMT-US,12/31/2020,KMT-US_12/31/2020,1.446780028,1.482127796,1.352214137
WBS-US,12/31/2020,WBS-US_12/31/2020,1.59866308,1.50781299,1.674295686
CMC-US,12/31/2020,CMC-US_12/31/2020,1.253917257,1.153125632,1.276025478
FCFS-US,12/31/2020,FCFS-US_12/31/2020,1.007049813,1.165858514,0.84088706
MTZ-US,12/31/2020,MTZ-US_12/31/2020,1.253890689,0.990716409,1.382692091
PK-US,12/31/2020,PK-US_12/31/2020,1.726957384,1.214685737,2.046236614
TPH-US,12/31/2020,TPH-US_12/31/2020,1.562977718,1.360877002,1.703167893
NSP-US,12/31/2020,NSP-US_12/31/2020,1.354737619,1.083601652,1.520860285
UMPQ-US,12/31/2020,UMPQ-US_12/31/2020,1.310987342,1.288965795,1.279035456
SAFM-US,12/31/2020,SAFM-US_12/31/2020,0.669421813,0.622062202,0.745422113
WTFC-US,12/31/2020,WTFC-US_12/31/2020,1.432591113,1.236245813,1.556815063
HOMB-US,12/31/2020,HOMB-US_12/31/2020,1.473400925,1.572410369,1.331983812
THS-US,12/31/2020,THS-US_12/31/2020,0.529402541,0.541431591,0.545774133
R-US,12/31/2020,R-US_12/31/2020,1.191949454,1.229489895,1.159609796
ENR-US,12/31/2020,ENR-US_12/31/2020,1.083039051,1.014898904,1.128155953
CNO-US,12/31/2020,CNO-US_12/31/2020,1.663962324,1.725960352,1.594926226
STRA-US,12/31/2020,STRA-US_12/31/2020,0.971621027,0.965419901,1.013378105
GATX-US,12/31/2020,GATX-US_12/31/2020,1.129157103,1.080823787,1.17592722
LIVN-US,12/31/2020,LIVN-US_12/31/2020,1.188930598,1.039703335,1.365220119
AEO-US,12/31/2020,AEO-US_12/31/2020,1.192208224,0.991010223,1.275041287
VSAT-US,12/31/2020,VSAT-US_12/31/2020,1.277023278,1.33311647,1.227160053
FNB-US,12/31/2020,FNB-US_12/31/2020,1.460086473,1.353841924,1.487389319
KEX-US,12/31/2020,KEX-US_12/31/2020,1.255756728,1.246544869,1.355164155
CNX-US,12/31/2020,CNX-US_12/31/2020,0.644169093,1.282917095,0.104316092
UMBF-US,12/31/2020,UMBF-US_12/31/2020,1.129532937,1.168932374,1.03775393
PDCO-US,12/31/2020,PDCO-US_12/31/2020,0.982169944,0.741108453,1.083130722
BCO-US,12/31/2020,BCO-US_12/31/2020,1.289867025,1.167548976,1.262247423
VSH-US,12/31/2020,VSH-US_12/31/2020,1.350202005,1.293175123,1.371541029
FHI-US,12/31/2020,FHI-US_12/31/2020,1.458459311,1.299778331,1.547224694
TCO-US,12/31/2020,TCO-US_12/31/2020,0.609874868,0.4537379,0.626039539
EPR-US,12/31/2020,EPR-US_12/31/2020,1.819659428,1.148280167,2.280337883
STL-US,12/31/2020,STL-US_12/31/2020,1.792303224,1.735535069,1.728831737
WRI-US,12/31/2020,WRI-US_12/31/2020,1.326340623,1.040871198,1.55264692
SABR-US,12/31/2020,SABR-US_12/31/2020,2.082593653,2.132435831,1.904580718
CBT-US,12/31/2020,CBT-US_12/31/2020,1.297003169,1.247265761,1.319802753
NGVT-US,12/31/2020,NGVT-US_12/31/2020,1.301158907,1.161169329,1.304102224
CMP-US,12/31/2020,CMP-US_12/31/2020,1.055401083,1.050121881,1.031613295
BOH-US,12/31/2020,BOH-US_12/31/2020,1.143805837,1.232011732,1.061657949
PACW-US,12/31/2020,PACW-US_12/31/2020,1.465373076,1.287099893,1.52754916
ADS-US,12/31/2020,ADS-US_12/31/2020,1.670699575,1.461500999,1.883971151
WPX-US,12/31/2020,WPX-US_12/31/2020,2.036664153,1.606683983,2.353749723
ASB-US,12/31/2020,ASB-US_12/31/2020,1.232988176,1.261630075,1.135558119
SGMS-US,12/31/2020,SGMS-US_12/31/2020,1.831419554,1.449914334,2.008765514
VC-US,12/31/2020,VC-US_12/31/2020,1.270452674,1.09631665,1.300128703
CVLT-US,12/31/2020,CVLT-US_12/31/2020,0.765203158,0.576154465,0.879047092
WWE-US,12/31/2020,WWE-US_12/31/2020,0.795575897,0.639075757,0.964282916
TRIP-US,12/31/2020,TRIP-US_12/31/2020,1.090322308,0.928134889,1.034834672
KAR-US,12/31/2020,KAR-US_12/31/2020,1.252864779,1.084977393,1.284289746
BXS-US,12/31/2020,BXS-US_12/31/2020,1.269060919,1.237535031,1.241992252
TDS-US,12/31/2020,TDS-US_12/31/2020,1.02208422,0.968151542,0.997509747
PBH-US,12/31/2020,PBH-US_12/31/2020,0.747033092,0.754938618,0.739998226
JACK-US,12/31/2020,JACK-US_12/31/2020,1.414277986,0.97075205,1.837713992
GT-US,12/31/2020,GT-US_12/31/2020,1.262781807,1.044724822,1.28918156
DAN-US,12/31/2020,DAN-US_12/31/2020,1.742283885,1.31240432,1.991923151
MLHR-US,12/31/2020,MLHR-US_12/31/2020,0.979511765,0.57939287,1.241223422
IDCC-US,12/31/2020,IDCC-US_12/31/2020,1.175646195,1.151406344,1.211595202
MTX-US,12/31/2020,MTX-US_12/31/2020,1.349697707,1.3123779,1.302883028
OLN-US,12/31/2020,OLN-US_12/31/2020,1.376903071,1.255723031,1.37337994
CIT-US,12/31/2020,CIT-US_12/31/2020,1.871709779,1.711286287,1.906590386
TRN-US,12/31/2020,TRN-US_12/31/2020,1.012387302,0.907243212,1.050694761
GNW-US,12/31/2020,GNW-US_12/31/2020,1.155012512,1.329512945,1.04512129
DY-US,12/31/2020,DY-US_12/31/2020,1.665716321,1.791812761,1.505419267
GHC-US,12/31/2020,GHC-US_12/31/2020,0.89240482,0.555646316,1.084490354
OI-US,12/31/2020,OI-US_12/31/2020,1.433034228,1.43450464,1.340464862
CMD-US,12/31/2020,CMD-US_12/31/2020,1.379053578,0.880057485,1.607334506
PEB-US,12/31/2020,PEB-US_12/31/2020,1.405807342,1.040182188,1.589867299
NAVI-US,12/31/2020,NAVI-US_12/31/2020,1.397397712,1.006902312,1.565548026
CATY-US,12/31/2020,CATY-US_12/31/2020,1.382261661,1.399702657,1.366268277
HWC-US,12/31/2020,HWC-US_12/31/2020,1.561786517,1.544962201,1.541505261
X-US,12/31/2020,X-US_12/31/2020,1.206696778,1.064080484,1.206442585
ADNT-US,12/31/2020,ADNT-US_12/31/2020,1.746037348,1.379952011,2.021327165
HCSG-US,12/31/2020,HCSG-US_12/31/2020,1.007984372,1.038414371,1.001871202
AVNS-US,12/31/2020,AVNS-US_12/31/2020,1.218009769,1.443191217,1.028830929
WAFD-US,12/31/2020,WAFD-US_12/31/2020,1.123858557,1.226714193,1.0082858
NTCT-US,12/31/2020,NTCT-US_12/31/2020,0.99167733,0.999510138,0.926737492
TCBI-US,12/31/2020,TCBI-US_12/31/2020,1.473346037,1.31344276,1.588396177
LGND-US,12/31/2020,LGND-US_12/31/2020,1.074194865,0.941678067,1.249015623
AM-US,12/31/2020,AM-US_12/31/2020,0.718168601,0.415625356,0.953496411
SIX-US,12/31/2020,SIX-US_12/31/2020,1.612462463,1.465117592,1.616453383
EPC-US,12/31/2020,EPC-US_12/31/2020,1.036125107,1.172468866,0.903850861
FULT-US,12/31/2020,FULT-US_12/31/2020,1.214831315,1.339047089,1.072837317
CHX-US,12/31/2020,CHX-US_12/31/2020,1.846282703,1.309001471,2.28940909
WOR-US,12/31/2020,WOR-US_12/31/2020,1.483082601,1.39728342,1.496353275
IBOC-US,12/31/2020,IBOC-US_12/31/2020,1.329042762,1.415256291,1.225237118
UFS-US,12/31/2020,UFS-US_12/31/2020,1.315307612,1.323810627,1.246096106
DLPH-US,12/31/2020,DLPH-US_12/31/2020,#N/A,#N/A,#N/A
URBN-US,12/31/2020,URBN-US_12/31/2020,1.236749195,1.144505706,1.206653833
MD-US,12/31/2020,MD-US_12/31/2020,1.151724908,0.773789666,1.305687565
BDC-US,12/31/2020,BDC-US_12/31/2020,1.187811275,1.13186906,1.148527035
JW.A-US,12/31/2020,JW.A-US_12/31/2020,0.747184641,0.709173526,0.764761215
YELP-US,12/31/2020,YELP-US_12/31/2020,1.413403756,1.247056348,1.51581662
GEO-US,12/31/2020,GEO-US_12/31/2020,1.093702588,1.104613125,0.996959882
CAR-US,12/31/2020,CAR-US_12/31/2020,1.875483389,1.465907772,2.022317927
TRMK-US,12/31/2020,TRMK-US_12/31/2020,1.028622376,1.174690869,0.868636662
TEX-US,12/31/2020,TEX-US_12/31/2020,1.221745471,1.022524998,1.261941653
INT-US,12/31/2020,INT-US_12/31/2020,1.406536948,1.457295328,1.26324602
HNI-US,12/31/2020,HNI-US_12/31/2020,1.248353604,1.052742353,1.378816828
SVC-US,12/31/2020,SVC-US_12/31/2020,1.67461323,0.751018536,2.237096196
MUR-US,12/31/2020,MUR-US_12/31/2020,1.779235415,1.221269961,2.151471694
JWN-US,12/31/2020,JWN-US_12/31/2020,1.566042172,1.309529108,1.732580529
ATGE-US,12/31/2020,ATGE-US_12/31/2020,0.781823199,0.671769596,0.866482994
FLR-US,12/31/2020,FLR-US_12/31/2020,1.487025965,0.898258404,1.74236628
MCY-US,12/31/2020,MCY-US_12/31/2020,0.912457961,0.993684368,0.87780787
UE-US,12/31/2020,UE-US_12/31/2020,1.343184549,1.114795804,1.497667798
CNK-US,12/31/2020,CNK-US_12/31/2020,1.210073325,0.051931899,1.920014412
AMCX-US,12/31/2020,AMCX-US_12/31/2020,0.816486517,0.937605057,0.746849079
SBH-US,12/31/2020,SBH-US_12/31/2020,1.26918925,1.249853874,1.229733351
GEF-US,12/31/2020,GEF-US_12/31/2020,1.202660099,1.322985162,1.079539394
WW-US,12/31/2020,WW-US_12/31/2020,1.341820511,0.965090221,1.610520118
COTY-US,12/31/2020,COTY-US_12/31/2020,1.416553517,1.095806253,1.671172003
MAC-US,12/31/2020,MAC-US_12/31/2020,1.42825119,0.770000656,1.880726567
PPC-US,12/31/2020,PPC-US_12/31/2020,0.904596492,0.80196389,1.011730015
TR-US,12/31/2020,TR-US_12/31/2020,0.34033259,0.458434857,0.256969243
TSLA-US,12/31/2020,TSLA-US_12/31/2020,1.232591432,0.763596564,1.532007178
